idx;Unnamed: 0;name;init_split;class;labels;split_0;split_1;split_2;split_3;split_4;10split_0;10_split_0;10_split_1;10_split_2;10_split_3;10_split_4;5_split_0;5_split_1;5_split_2;5_split_3;5_split_4
0;0;T177;1;gorilla;14;0;1;1;1;1;1;1;1;0;0;1;0;0;1;0;0
1;1;T474;1;gorilla;14;1;1;1;0;1;1;0;1;1;0;0;0;0;1;0;0
2;2;T13;1;gorilla;14;1;1;1;1;1;1;1;1;1;1;1;0;0;1;0;0
3;3;T261;1;gorilla;14;0;1;0;1;0;1;0;0;1;0;0;1;0;0;0;1
4;4;T115;1;gorilla;14;1;1;1;1;1;1;0;0;0;1;1;0;1;0;0;0
5;5;T482;1;gorilla;14;1;1;0;1;1;1;1;1;1;1;0;1;1;0;0;0
6;6;T469;1;gorilla;14;1;1;1;1;1;1;0;0;0;1;1;0;0;0;0;0
7;7;T26;1;gorilla;14;0;1;1;1;1;1;1;0;0;0;0;1;0;0;0;0
8;8;T297;1;gorilla;14;1;0;1;0;1;1;0;1;1;1;1;0;1;0;1;0
9;9;T452;1;gorilla;14;1;0;1;1;1;1;1;1;1;1;1;0;0;0;0;0
10;10;T82;1;gorilla;14;1;1;1;1;1;0;1;1;0;0;0;0;0;0;0;1
11;11;T223;1;gorilla;14;0;1;1;0;1;0;1;1;0;1;1;0;0;0;0;0
12;12;T355;1;gorilla;14;1;0;1;1;1;0;1;0;0;0;0;1;0;1;1;0
13;13;T42;1;gorilla;14;1;1;0;1;0;0;1;0;0;0;0;0;1;0;1;0
14;14;T340;1;gorilla;14;1;1;1;1;0;0;1;1;1;0;1;0;0;0;1;0
15;15;T432;1;gorilla;14;1;1;1;1;0;0;0;0;0;1;1;0;0;1;0;0
16;16;T105;0;gorilla;14;1;1;1;1;1;0;0;1;1;1;0;0;0;0;0;1
17;17;T4;0;gorilla;14;1;1;0;1;1;0;0;0;0;1;0;0;0;0;0;1
18;18;T471;0;gorilla;14;1;1;1;1;1;0;0;0;1;0;1;0;0;0;1;1
19;19;T478;0;gorilla;14;1;0;1;0;1;0;0;0;1;0;0;1;1;0;0;0
20;20;T98;1;cat;6;1;0;1;1;1;1;1;1;1;1;1;0;0;0;1;0
21;21;T217;1;cat;6;0;1;1;1;0;1;1;0;0;0;0;0;0;0;1;1
22;22;T406;1;cat;6;1;1;1;0;1;1;0;0;1;1;1;0;1;0;0;1
23;23;T449;1;cat;6;1;1;1;0;1;1;0;1;1;0;1;0;1;0;0;1
24;24;T7;1;cat;6;1;1;0;1;0;1;1;0;0;1;1;1;0;0;0;0
25;25;T488;1;cat;6;1;1;0;1;1;1;1;1;0;0;0;0;0;1;0;1
26;26;T259;1;cat;6;1;1;1;1;0;1;0;0;1;0;1;1;0;0;0;0
27;27;T277;1;cat;6;1;1;1;1;1;1;0;0;1;0;0;0;0;0;0;0
28;28;T253;1;cat;6;0;1;1;1;1;1;1;1;1;1;0;0;0;1;0;0
29;29;T287;1;cat;6;1;1;1;1;1;1;0;1;1;1;0;1;1;0;0;0
30;30;T480;1;cat;6;1;1;1;1;1;0;1;1;0;0;0;0;1;0;0;0
31;31;T334;1;cat;6;1;1;1;0;1;0;1;0;0;0;1;0;0;1;0;1
32;32;T320;1;cat;6;1;0;1;1;1;0;0;1;1;0;0;0;0;0;0;0
33;33;T44;1;cat;6;1;1;1;0;1;0;0;1;0;1;1;0;0;0;1;0
34;34;T51;1;cat;6;0;1;1;1;0;0;1;0;0;1;1;0;0;0;0;0
35;35;T94;1;cat;6;1;1;0;1;1;0;1;0;0;1;0;1;0;0;0;0
36;36;T74;0;cat;6;0;1;1;1;1;0;0;1;1;0;0;0;0;0;0;0
37;37;T448;0;cat;6;1;0;0;1;1;0;1;1;0;0;1;0;1;1;1;0
38;38;T123;0;cat;6;1;0;1;1;1;0;0;0;1;1;1;1;0;0;0;0
39;39;T555;0;cat;6;1;1;1;1;1;0;0;0;0;1;0;0;0;1;1;0
40;40;T59;1;man;19;1;1;1;1;1;1;0;1;1;0;0;1;0;0;1;0
41;41;T372;1;man;19;1;1;1;1;1;1;0;1;1;1;1;0;0;1;1;0
42;42;T376;1;man;19;1;1;1;1;1;1;0;0;0;1;0;0;0;1;0;0
43;43;T360;1;man;19;1;1;1;1;0;1;0;0;1;1;1;0;0;0;0;0
44;44;T338;1;man;19;1;1;1;0;1;1;1;1;0;0;1;0;0;1;0;0
45;45;T315;1;man;19;0;1;1;1;1;1;1;0;1;0;0;1;0;0;0;1
46;46;T278;1;man;19;0;1;1;1;0;1;1;0;1;1;0;1;1;0;0;1
47;47;T296;1;man;19;1;1;1;1;1;1;0;1;0;0;1;0;0;0;0;0
48;48;T532;1;man;19;1;1;0;0;1;1;0;1;0;0;1;1;1;0;0;0
49;49;T446;1;man;19;1;0;1;1;1;1;1;1;1;1;1;0;0;0;0;1
50;50;T451;1;man;19;1;0;1;1;1;0;1;0;1;1;0;0;0;0;1;0
51;51;T437;1;man;19;1;1;0;1;1;0;1;1;0;0;0;1;1;1;0;0
52;52;T379;1;man;19;0;0;1;1;0;0;0;0;1;1;0;0;0;1;1;0
53;53;T78;1;man;19;1;1;1;1;0;0;1;0;0;1;1;0;0;0;0;1
54;54;T342;1;man;19;0;1;1;1;1;0;0;1;0;0;0;0;0;0;0;1
55;55;T426;1;man;19;1;1;1;0;1;0;1;1;1;1;0;0;1;0;0;0
56;56;T404;0;man;19;1;1;0;0;1;0;0;0;1;0;1;0;0;0;1;0
57;57;T21;0;man;19;1;1;0;1;1;0;1;0;0;1;1;0;1;0;0;0
58;58;T519;0;man;19;1;1;1;1;1;0;0;1;0;0;1;0;0;0;0;0
59;59;T542;0;man;19;1;0;1;1;1;0;1;0;0;0;0;0;0;0;0;0
60;60;T173;1;centaur;7;1;1;1;1;1;1;1;1;0;1;0;0;1;1;0;0
61;61;T405;1;centaur;7;1;1;1;1;0;1;0;1;0;0;1;1;1;0;0;1
62;62;T363;1;centaur;7;1;0;0;1;0;1;1;1;0;0;0;0;1;0;0;1
63;63;T377;1;centaur;7;1;0;1;1;1;1;1;0;0;1;1;0;0;0;0;0
64;64;T570;1;centaur;7;0;1;1;1;1;1;0;0;0;0;0;0;0;1;0;0
65;65;T362;1;centaur;7;1;1;0;1;1;1;1;0;1;1;1;0;1;0;0;0
66;66;T6;1;centaur;7;1;1;1;1;1;1;1;1;1;0;0;0;0;0;1;0
67;67;T514;1;centaur;7;1;1;1;0;1;1;1;0;0;0;1;0;0;0;0;0
68;68;T475;1;centaur;7;0;1;1;1;1;1;0;0;0;1;0;0;0;0;0;0
69;69;T276;1;centaur;7;1;0;1;0;1;1;1;0;1;0;0;0;0;0;0;1
70;70;T252;1;centaur;7;1;0;1;1;1;0;0;1;0;0;1;1;0;0;0;0
71;71;T326;1;centaur;7;1;1;1;1;0;0;0;1;1;1;0;0;0;0;1;1
72;72;T526;1;centaur;7;1;1;1;1;1;0;0;1;1;1;1;1;0;0;1;0
73;73;T281;1;centaur;7;1;1;1;0;0;0;0;0;0;0;0;1;0;0;0;0
74;74;T168;1;centaur;7;1;1;1;1;1;0;0;0;1;1;0;0;0;0;1;1
75;75;T95;1;centaur;7;1;1;0;0;1;0;0;1;1;1;0;0;0;1;0;0
76;76;T576;0;centaur;7;1;1;1;1;1;0;1;0;1;0;1;0;0;0;0;0
77;77;T565;0;centaur;7;0;1;0;1;1;0;0;0;0;1;1;0;0;0;0;0
78;78;T392;0;centaur;7;1;1;1;1;1;0;1;1;1;0;1;0;0;1;0;0
79;79;T156;0;centaur;7;0;1;1;1;1;0;1;1;1;1;1;1;1;1;1;0
80;80;T99;1;dog1;10;1;1;0;1;1;1;0;0;0;0;0;0;0;1;0;0
81;81;T373;1;dog1;10;0;0;1;0;1;1;1;0;1;0;1;0;0;1;0;0
82;82;T367;1;dog1;10;1;1;1;0;1;1;1;1;1;0;0;1;0;0;0;1
83;83;T203;1;dog1;10;1;1;1;0;1;1;1;1;1;1;1;0;0;0;1;0
84;84;T216;1;dog1;10;1;0;1;1;1;1;0;0;0;1;1;1;0;0;1;0
85;85;T49;1;dog1;10;1;0;1;1;1;1;1;1;1;1;0;0;0;1;0;1
86;86;T305;1;dog1;10;0;1;1;1;1;1;1;1;1;1;1;1;0;0;0;0
87;87;T462;1;dog1;10;1;1;1;1;0;1;0;1;1;0;0;0;0;0;0;0
88;88;T331;1;dog1;10;1;1;1;1;1;1;0;0;0;1;1;0;0;0;1;0
89;89;T309;1;dog1;10;0;1;0;1;1;1;1;0;1;0;0;0;1;0;0;0
90;90;T136;1;dog1;10;1;1;1;0;0;0;0;0;0;1;1;0;0;0;1;0
91;91;T393;1;dog1;10;1;1;1;1;1;0;1;0;1;0;0;0;0;0;1;0
92;92;T409;1;dog1;10;1;1;0;1;1;0;1;1;0;1;1;0;1;0;0;0
93;93;T144;1;dog1;10;1;1;1;1;1;0;0;1;0;0;0;0;0;1;0;0
94;94;T193;1;dog1;10;1;1;1;1;1;0;0;1;0;1;1;1;1;0;0;1
95;95;T197;1;dog1;10;1;1;1;1;0;0;1;1;0;0;0;1;1;0;0;0
96;96;T476;0;dog1;10;1;1;1;1;1;0;0;1;1;1;1;0;1;1;0;0
97;97;T125;0;dog1;10;1;0;0;1;1;0;1;0;0;0;0;0;0;0;0;0
98;98;T436;0;dog1;10;0;1;1;1;1;0;0;0;1;1;1;0;0;0;0;1
99;99;T354;0;dog1;10;1;1;1;1;0;0;0;0;0;0;0;0;0;0;0;1
100;100;T71;1;lamp;17;1;1;0;1;1;1;0;1;0;1;1;0;0;1;0;0
101;101;T165;1;lamp;17;1;0;1;1;0;1;1;1;1;0;0;0;0;0;0;0
102;102;T202;1;lamp;17;1;1;0;1;1;1;1;0;1;0;1;0;0;0;0;1
103;103;T16;1;lamp;17;1;0;1;1;1;1;1;0;0;0;0;0;0;0;0;0
104;104;T262;1;lamp;17;0;0;1;0;1;1;0;1;0;0;1;1;1;0;1;0
105;105;T132;1;lamp;17;1;1;1;0;0;1;0;1;0;0;0;0;1;0;0;1
106;106;T324;1;lamp;17;0;1;1;1;0;1;0;0;1;1;0;0;1;0;0;0
107;107;T122;1;lamp;17;1;1;0;1;0;1;1;0;0;0;1;0;0;0;0;0
108;108;T121;1;lamp;17;1;1;1;1;1;1;0;1;0;0;1;1;0;0;0;0
109;109;T185;1;lamp;17;1;1;1;1;1;1;0;0;1;0;1;0;0;1;0;0
110;110;T91;1;lamp;17;1;1;1;1;1;0;1;0;0;1;1;0;0;0;1;0
111;111;T596;1;lamp;17;0;1;1;1;1;0;0;1;1;1;1;0;0;0;1;0
112;112;T346;1;lamp;17;1;1;1;1;1;0;1;1;1;1;0;1;1;0;0;1
113;113;T183;1;lamp;17;1;1;1;1;1;0;0;0;1;0;1;1;0;1;0;0
114;114;T194;1;lamp;17;1;1;1;0;1;0;1;1;0;1;0;0;0;0;0;0
115;115;T396;1;lamp;17;1;1;1;0;1;0;1;0;1;1;1;0;0;0;1;0
116;116;T63;0;lamp;17;1;0;0;1;1;0;0;0;0;1;0;0;0;0;1;1
117;117;T113;0;lamp;17;0;1;1;1;1;0;1;1;1;1;0;0;0;0;0;0
118;118;T237;0;lamp;17;1;1;1;1;1;0;1;0;0;1;0;1;0;1;0;1
119;119;T427;0;lamp;17;1;1;1;1;1;0;0;1;1;0;0;0;1;1;0;0
120;120;T160;1;hand;15;1;1;1;1;1;1;1;1;0;0;0;0;0;0;0;1
121;121;T77;1;hand;15;1;1;1;1;1;1;1;0;0;1;1;0;0;1;0;0
122;122;T413;1;hand;15;0;1;0;0;1;1;0;0;1;1;0;0;0;0;0;0
123;123;T312;1;hand;15;1;0;1;1;1;1;0;1;0;0;0;0;1;0;0;0
124;124;T501;1;hand;15;1;1;0;1;1;1;0;0;0;0;0;0;0;0;1;0
125;125;T328;1;hand;15;1;1;1;1;1;1;1;1;0;0;0;0;0;0;1;1
126;126;T317;1;hand;15;0;1;1;1;1;1;1;0;1;1;1;0;0;0;0;0
127;127;T284;1;hand;15;1;1;0;1;1;1;0;1;0;1;1;0;1;0;0;1
128;128;T508;1;hand;15;1;0;1;1;0;1;1;1;1;1;0;0;0;0;0;0
129;129;T280;1;hand;15;1;0;1;1;1;1;0;0;0;0;0;1;1;0;0;0
130;130;T384;1;hand;15;1;1;1;1;1;0;1;0;1;1;1;0;0;0;0;1
131;131;T391;1;hand;15;1;0;1;1;1;0;0;1;1;1;0;1;0;0;1;1
132;132;T154;1;hand;15;1;1;1;0;0;0;0;0;1;0;1;0;0;1;0;0
133;133;T593;1;hand;15;1;1;1;1;1;0;1;0;1;0;0;1;1;1;1;0
134;134;T56;1;hand;15;0;1;1;1;1;0;1;1;1;0;1;0;0;1;0;0
135;135;T221;1;hand;15;1;1;1;0;0;0;0;1;0;0;1;0;0;0;0;0
136;136;T572;0;hand;15;1;1;1;1;1;0;0;0;0;0;1;1;1;0;0;0
137;137;T512;0;hand;15;0;1;1;1;1;0;1;1;0;1;1;1;0;1;0;0
138;138;T390;0;hand;15;1;1;1;1;1;0;1;0;1;1;0;0;0;0;0;0
139;139;T150;0;hand;15;1;1;0;0;0;0;0;1;1;1;1;0;0;0;1;0
140;140;T167;1;two_balls;28;1;1;1;1;1;1;1;0;0;0;1;1;1;0;1;0
141;141;T164;1;two_balls;28;1;1;0;1;1;1;1;1;0;1;0;0;0;0;1;0
142;142;T548;1;two_balls;28;1;1;1;1;1;1;0;0;0;1;0;0;0;1;0;0
143;143;T415;1;two_balls;28;1;1;1;1;0;1;0;1;1;0;1;0;0;0;0;0
144;144;T472;1;two_balls;28;0;1;1;1;1;1;0;1;0;1;1;1;0;0;0;1
145;145;T249;1;two_balls;28;1;1;1;1;1;1;0;0;0;1;0;0;0;0;0;0
146;146;T19;1;two_balls;28;0;1;0;0;0;1;1;0;1;0;0;0;1;1;0;0
147;147;T483;1;two_balls;28;0;1;1;1;1;1;1;1;1;1;1;0;0;0;0;0
148;148;T27;1;two_balls;28;1;0;1;1;1;1;0;1;1;0;1;1;0;0;0;0
149;149;T20;1;two_balls;28;0;0;1;1;1;1;0;1;1;0;1;1;1;0;1;1
150;150;T85;1;two_balls;28;1;1;1;1;0;0;0;0;1;1;1;0;1;0;0;0
151;151;T179;1;two_balls;28;1;0;1;1;1;0;1;1;0;1;0;1;0;0;0;0
152;152;T569;1;two_balls;28;1;1;1;1;1;0;1;0;1;0;0;0;0;1;0;0
153;153;T425;1;two_balls;28;1;1;1;0;1;0;1;0;1;1;1;0;0;0;1;0
154;154;T196;1;two_balls;28;1;1;1;1;1;0;0;1;1;0;1;0;0;0;0;1
155;155;T180;1;two_balls;28;1;0;0;0;1;0;0;1;0;0;0;0;0;1;0;1
156;156;T103;0;two_balls;28;1;1;1;1;1;0;1;0;0;0;0;0;1;0;0;0
157;157;T327;0;two_balls;28;1;1;1;1;1;0;1;1;0;1;0;0;0;0;0;0
158;158;T540;0;two_balls;28;1;1;0;0;1;0;1;0;1;0;1;0;0;0;1;1
159;159;T551;0;two_balls;28;1;1;1;1;0;0;0;0;0;1;0;0;0;1;0;0
160;160;T174;1;ants;1;1;1;1;1;1;1;1;0;1;1;0;0;0;0;0;1
161;161;T599;1;ants;1;1;1;1;1;1;1;1;1;1;0;0;0;0;1;0;0
162;162;T200;1;ants;1;1;0;1;1;0;1;0;1;1;0;0;1;0;0;0;0
163;163;T39;1;ants;1;1;1;0;1;1;1;0;1;1;0;0;0;0;0;0;0
164;164;T528;1;ants;1;0;1;1;0;1;1;0;0;0;1;1;0;1;1;1;0
165;165;T38;1;ants;1;1;1;1;1;1;1;0;1;0;0;1;0;1;0;0;0
166;166;T509;1;ants;1;1;1;1;1;1;1;1;1;0;1;1;0;0;0;0;0
167;167;T319;1;ants;1;1;0;1;1;1;1;1;0;1;1;1;1;1;0;0;1
168;168;T37;1;ants;1;0;1;1;1;0;1;1;0;0;1;1;1;0;0;0;0
169;169;T257;1;ants;1;0;1;0;1;1;1;0;0;1;1;1;0;0;0;1;0
170;170;T34;1;ants;1;1;1;0;1;0;0;1;0;0;1;0;1;0;1;1;1
171;171;T192;1;ants;1;1;1;1;1;1;0;0;0;1;0;1;0;0;0;0;0
172;172;T140;1;ants;1;1;0;1;0;1;0;1;1;0;0;1;1;0;0;0;1
173;173;T356;1;ants;1;1;1;1;0;1;0;1;0;1;0;0;0;0;0;0;0
174;174;T141;1;ants;1;1;0;1;1;1;0;1;1;1;0;0;0;1;0;0;0
175;175;T209;1;ants;1;1;1;1;1;1;0;0;1;1;0;0;0;1;0;0;0
176;176;T1;0;ants;1;1;1;1;1;1;0;1;0;0;1;1;0;0;0;1;0
177;177;T484;0;ants;1;1;1;1;1;0;0;0;1;0;1;1;0;0;1;0;1
178;178;T518;0;ants;1;1;1;0;0;1;0;0;1;0;1;0;0;0;0;1;0
179;179;T347;0;ants;1;0;1;1;1;1;0;0;0;0;0;0;0;0;1;0;0
180;180;T211;1;myScissor;20;1;1;1;1;1;1;1;1;1;0;1;1;0;0;0;0
181;181;T65;1;myScissor;20;1;1;0;0;1;1;0;0;0;1;1;1;1;1;1;0
182;182;T64;1;myScissor;20;0;1;1;1;0;1;0;1;1;0;0;0;0;1;0;0
183;183;T148;1;myScissor;20;1;1;1;1;1;1;0;1;0;0;1;0;1;0;0;0
184;184;T214;1;myScissor;20;1;1;1;1;1;1;1;0;1;1;0;0;0;0;0;0
185;185;T407;1;myScissor;20;1;0;1;1;1;1;1;0;0;0;1;0;1;0;0;0
186;186;T139;1;myScissor;20;0;1;1;1;1;1;0;1;1;1;0;0;0;0;0;1
187;187;T499;1;myScissor;20;1;1;1;1;0;1;0;1;1;1;0;0;0;0;0;0
188;188;T466;1;myScissor;20;1;1;1;1;1;1;1;0;1;0;1;1;0;0;0;1
189;189;T24;1;myScissor;20;0;0;1;0;1;1;1;1;0;1;0;0;1;1;0;1
190;190;T283;1;myScissor;20;1;0;1;1;1;0;1;1;1;0;0;0;0;0;1;0
191;191;T152;1;myScissor;20;1;1;0;1;0;0;1;0;0;1;1;0;0;0;0;0
192;192;T378;1;myScissor;20;1;0;0;1;0;0;0;0;0;0;1;1;0;1;0;0
193;193;T224;1;myScissor;20;0;1;1;1;1;0;1;1;0;0;0;0;0;0;0;0
194;194;T151;1;myScissor;20;1;1;0;0;1;0;0;0;0;0;1;1;1;0;1;1
195;195;T233;1;myScissor;20;1;1;1;1;1;0;0;0;1;1;1;0;0;0;0;1
196;196;T110;0;myScissor;20;1;1;1;0;1;0;0;0;1;1;0;0;0;0;1;0
197;197;T470;0;myScissor;20;1;1;1;1;1;0;1;1;0;0;0;0;0;1;0;0
198;198;T282;0;myScissor;20;1;1;1;1;1;0;1;1;0;1;0;0;0;0;1;0
199;199;T543;0;myScissor;20;1;1;1;1;1;0;0;0;1;1;1;0;0;0;0;0
200;200;T417;1;bird2;4;1;1;0;1;1;1;0;0;0;0;0;0;0;0;1;0
201;201;T358;1;bird2;4;1;1;1;1;1;1;1;0;1;1;1;0;1;0;1;0
202;202;T400;1;bird2;4;1;1;1;1;1;1;1;0;1;0;0;0;1;0;0;0
203;203;T349;1;bird2;4;0;1;1;1;1;1;0;0;0;0;1;1;1;0;0;0
204;204;T500;1;bird2;4;1;1;1;1;0;1;0;1;0;1;0;0;0;0;0;0
205;205;T307;1;bird2;4;1;1;1;1;1;1;1;1;1;1;0;0;0;0;0;0
206;206;T101;1;bird2;4;1;1;1;0;1;1;1;0;1;0;0;1;0;1;0;0
207;207;T520;1;bird2;4;1;1;0;1;1;1;1;0;0;0;1;0;1;0;0;1
208;208;T130;1;bird2;4;1;1;1;0;1;1;1;1;0;0;0;0;0;0;1;0
209;209;T490;1;bird2;4;1;0;1;0;1;1;1;1;1;1;0;0;0;0;0;1
210;210;T533;1;bird2;4;1;0;1;1;0;0;0;1;0;0;0;0;0;0;0;0
211;211;T96;1;bird2;4;1;1;1;1;0;0;0;0;0;1;1;0;0;1;1;0
212;212;T357;1;bird2;4;1;1;1;1;1;0;0;1;0;1;0;0;0;0;0;1
213;213;T83;1;bird2;4;0;1;0;1;1;0;1;1;1;1;1;0;0;1;0;0
214;214;T584;1;bird2;4;1;1;1;1;0;0;0;0;1;0;0;0;0;0;0;0
215;215;T546;1;bird2;4;1;0;1;1;1;0;1;1;1;0;1;0;1;0;0;1
216;216;T559;0;bird2;4;1;1;0;1;1;0;0;0;0;1;1;1;0;1;0;1
217;217;T100;0;bird2;4;1;1;1;1;1;0;0;1;1;1;1;1;0;1;0;0
218;218;T494;0;bird2;4;0;0;1;0;1;0;0;1;1;0;1;0;0;0;0;0
219;219;T80;0;bird2;4;0;1;1;1;1;0;1;0;0;1;1;1;0;0;1;0
220;220;T398;1;camel;5;1;1;1;1;0;1;1;1;1;1;0;1;0;1;1;0
221;221;T439;1;camel;5;1;1;0;1;1;1;1;1;0;1;1;0;0;0;0;0
222;222;T306;1;camel;5;0;1;1;0;1;1;1;0;1;0;1;0;1;0;0;1
223;223;T300;1;camel;5;1;1;1;1;1;1;0;1;0;0;0;1;0;1;0;0
224;224;T538;1;camel;5;1;1;1;1;1;1;1;0;0;0;1;0;1;0;0;0
225;225;T464;1;camel;5;1;1;1;1;1;1;1;1;1;0;1;1;0;0;0;0
226;226;T481;1;camel;5;1;1;0;1;0;1;1;1;1;0;1;0;1;0;0;0
227;227;T453;1;camel;5;0;0;0;1;1;1;0;0;0;1;0;0;1;1;0;0
228;228;T336;1;camel;5;1;1;1;0;1;1;1;1;0;0;0;0;1;1;0;1
229;229;T35;1;camel;5;0;0;1;1;1;1;0;0;0;0;1;1;0;0;0;0
230;230;T242;1;camel;5;1;1;1;1;0;0;0;0;1;0;0;0;0;0;1;0
231;231;T219;1;camel;5;1;0;1;1;0;0;0;0;1;1;0;0;0;0;1;0
232;232;T52;1;camel;5;1;1;1;1;1;0;0;0;0;0;1;0;0;0;0;1
233;233;T420;1;camel;5;1;0;1;1;1;0;1;0;0;1;0;0;0;0;0;0
234;234;T92;1;camel;5;1;1;1;0;1;0;1;1;1;0;0;0;0;0;0;0
235;235;T187;1;camel;5;1;1;1;1;1;0;1;1;1;1;0;0;0;0;1;1
236;236;T106;0;camel;5;0;1;0;1;1;0;0;1;0;1;1;0;0;0;0;1
237;237;T497;0;camel;5;1;1;1;1;1;0;0;0;0;1;1;0;0;0;1;0
238;238;T536;0;camel;5;1;1;1;0;1;0;0;1;1;1;0;0;0;1;0;0
239;239;T431;0;camel;5;1;1;1;1;1;0;0;0;1;1;1;1;0;0;0;0
240;240;T239;1;spiders;27;1;1;1;1;1;1;1;1;0;0;0;0;0;0;0;1
241;241;T205;1;spiders;27;1;1;1;1;0;1;1;1;1;1;1;1;0;1;0;1
242;242;T567;1;spiders;27;0;0;1;1;1;1;0;0;1;1;0;0;1;0;0;0
243;243;T264;1;spiders;27;1;1;0;1;1;1;0;0;1;0;1;1;1;1;1;0
244;244;T502;1;spiders;27;1;1;1;1;0;1;1;0;1;0;0;0;0;0;1;0
245;245;T513;1;spiders;27;0;0;1;1;1;1;1;1;1;1;1;0;0;0;0;0
246;246;T285;1;spiders;27;1;1;1;1;0;1;1;0;1;1;0;0;0;0;0;0
247;247;T318;1;spiders;27;0;1;1;0;1;1;1;1;0;0;0;0;1;0;0;0
248;248;T244;1;spiders;27;1;1;0;0;1;1;0;1;0;1;0;0;0;0;0;0
249;249;T523;1;spiders;27;1;1;1;1;1;1;0;0;0;0;0;0;0;1;0;0
250;250;T491;1;spiders;27;1;1;1;0;1;0;0;1;0;1;1;0;1;0;1;0
251;251;T322;1;spiders;27;1;1;1;1;1;0;1;0;0;1;0;0;0;0;0;1
252;252;T387;1;spiders;27;1;1;1;1;1;0;0;0;0;1;0;0;1;0;0;0
253;253;T145;1;spiders;27;1;1;1;1;1;0;1;0;0;0;1;1;0;0;0;0
254;254;T552;1;spiders;27;1;1;0;1;1;0;0;1;0;0;1;1;0;0;0;1
255;255;T57;1;spiders;27;1;0;1;1;1;0;0;1;1;1;1;0;0;0;0;0
256;256;T414;0;spiders;27;1;1;1;0;0;0;0;0;1;0;0;1;0;0;1;1
257;257;T566;0;spiders;27;1;0;1;1;1;0;1;0;1;1;1;0;0;0;1;0
258;258;T535;0;spiders;27;0;1;0;1;1;0;0;1;1;0;1;0;0;1;0;0
259;259;T108;0;spiders;27;1;1;1;1;1;0;1;1;0;0;1;0;0;1;0;0
260;260;T172;1;dinosaur;9;1;0;1;0;1;1;1;0;0;0;0;0;0;0;0;0
261;261;T199;1;dinosaur;9;1;1;1;1;0;1;0;1;1;0;0;0;0;0;1;0
262;262;T549;1;dinosaur;9;1;1;1;1;1;1;0;0;1;0;1;0;0;1;0;0
263;263;T70;1;dinosaur;9;1;1;1;1;0;1;0;0;1;1;1;1;1;0;0;0
264;264;T171;1;dinosaur;9;0;1;1;1;1;1;1;0;0;0;1;0;0;1;1;0
265;265;T571;1;dinosaur;9;1;1;1;0;1;1;0;1;0;1;0;0;1;0;0;1
266;266;T215;1;dinosaur;9;0;1;0;1;1;1;1;1;0;1;0;1;1;1;0;0
267;267;T375;1;dinosaur;9;1;1;1;1;1;1;1;0;1;0;1;1;0;0;0;0
268;268;T298;1;dinosaur;9;1;1;1;1;1;1;1;1;0;0;0;0;0;1;1;0
269;269;T286;1;dinosaur;9;1;1;1;1;1;1;0;0;0;1;0;1;0;0;0;1
270;270;T255;1;dinosaur;9;0;1;1;1;1;0;0;0;1;0;0;1;0;0;0;0
271;271;T135;1;dinosaur;9;1;0;1;0;1;0;1;0;1;0;0;0;0;0;0;0
272;272;T231;1;dinosaur;9;1;1;1;1;1;0;1;1;0;1;0;0;0;0;1;1
273;273;T87;1;dinosaur;9;1;1;1;1;1;0;1;1;1;1;1;0;0;0;0;0
274;274;T421;1;dinosaur;9;1;0;1;1;1;0;1;1;0;1;1;0;0;0;1;0
275;275;T368;1;dinosaur;9;1;1;0;1;0;0;0;1;1;1;1;0;0;0;0;0
276;276;T361;0;dinosaur;9;1;1;1;1;1;0;0;0;0;1;0;0;1;0;0;0
277;277;T12;0;dinosaur;9;1;1;0;1;1;0;0;1;1;1;1;0;1;0;0;1
278;278;T595;0;dinosaur;9;1;0;0;0;0;0;1;0;0;0;1;0;0;1;0;1
279;279;T557;0;dinosaur;9;0;1;1;1;1;0;0;1;1;0;1;0;0;0;0;0
280;280;T228;1;alien;0;1;1;1;1;1;1;0;1;1;0;1;1;0;1;1;1
281;281;T573;1;alien;0;1;0;1;0;1;1;1;0;0;1;1;0;1;0;0;0
282;282;T5;1;alien;0;0;0;1;1;1;1;0;1;0;0;1;0;0;0;1;0
283;283;T311;1;alien;0;0;1;1;1;1;1;1;1;0;0;0;0;1;1;0;0
284;284;T30;1;alien;0;1;0;1;0;1;1;1;0;0;1;1;0;0;0;0;1
285;285;T18;1;alien;0;0;1;1;1;1;1;1;0;0;1;0;1;1;1;0;0
286;286;T290;1;alien;0;1;1;1;0;0;1;1;1;1;0;0;1;0;0;1;0
287;287;T31;1;alien;0;1;1;1;1;0;1;1;0;0;1;1;0;0;0;1;0
288;288;T133;1;alien;0;1;1;0;1;1;1;0;0;1;1;1;0;0;0;0;0
289;289;T137;1;alien;0;1;1;1;1;1;1;0;1;1;0;0;0;0;0;0;0
290;290;T9;1;alien;0;1;1;0;1;1;0;0;0;0;1;0;0;1;0;0;0
291;291;T422;1;alien;0;1;1;1;1;1;0;1;1;1;1;0;1;0;0;0;1
292;292;T50;1;alien;0;1;1;1;1;1;0;0;1;1;0;0;0;0;1;0;0
293;293;T418;1;alien;0;1;1;1;1;1;0;0;1;1;0;0;0;0;0;0;0
294;294;T545;1;alien;0;1;1;0;1;0;0;1;0;1;0;0;0;0;0;0;1
295;295;T220;1;alien;0;1;1;0;1;1;0;1;1;1;1;0;1;0;0;0;0
296;296;T411;0;alien;0;1;1;1;1;1;0;0;1;0;1;1;0;1;0;0;0
297;297;T511;0;alien;0;1;1;1;0;1;0;1;0;0;0;1;0;0;1;0;0
298;298;T124;0;alien;0;1;0;1;1;0;0;0;0;0;0;1;0;0;0;1;0
299;299;T547;0;alien;0;0;1;1;1;1;0;0;0;1;1;1;0;0;0;0;1
300;300;T371;1;glasses;13;1;1;1;1;0;1;1;0;1;0;0;1;0;0;0;0
301;301;T170;1;glasses;13;0;1;0;1;1;1;0;0;0;1;0;0;0;1;1;0
302;302;T175;1;glasses;13;0;1;1;0;1;1;1;0;1;1;1;1;0;1;0;1
303;303;T48;1;glasses;13;1;1;1;1;1;1;1;0;0;1;1;0;0;0;0;0
304;304;T412;1;glasses;13;1;1;0;1;1;1;0;0;1;0;0;0;0;1;0;0
305;305;T299;1;glasses;13;1;1;1;1;1;1;0;1;1;0;1;0;1;1;1;0
306;306;T29;1;glasses;13;1;1;1;1;1;1;0;0;1;1;1;0;0;0;0;0
307;307;T441;1;glasses;13;1;1;1;1;1;1;0;1;1;0;0;0;1;0;0;0
308;308;T442;1;glasses;13;1;0;1;1;0;1;1;0;0;0;0;0;0;0;0;0
309;309;T524;1;glasses;13;1;0;1;1;1;1;0;1;0;1;0;0;0;0;0;0
310;310;T479;1;glasses;13;1;1;1;1;1;0;1;0;1;0;0;1;0;0;0;0
311;311;T225;1;glasses;13;1;1;1;1;1;0;0;1;1;1;0;0;1;0;1;0
312;312;T86;1;glasses;13;0;1;1;1;1;0;0;1;1;0;1;0;0;0;0;0
313;313;T97;1;glasses;13;1;1;0;1;1;0;1;0;0;1;1;0;1;0;1;1
314;314;T369;1;glasses;13;1;1;1;1;1;0;1;1;0;1;1;1;0;0;0;0
315;315;T208;1;glasses;13;1;1;0;1;0;0;1;1;0;1;1;1;1;0;0;1
316;316;T102;0;glasses;13;1;1;1;1;1;0;1;1;0;1;1;0;0;0;1;0
317;317;T506;0;glasses;13;1;0;1;0;1;0;0;1;0;0;1;0;0;1;0;1
318;318;T530;0;glasses;13;0;0;1;0;0;0;0;1;0;0;0;0;0;0;0;0
319;319;T43;0;glasses;13;1;1;1;0;1;0;1;0;1;0;0;0;0;0;0;1
320;320;T207;1;dog2;11;1;1;1;1;1;1;0;1;1;1;0;0;0;0;1;1
321;321;T189;1;dog2;11;1;1;1;1;1;1;0;0;1;1;0;0;0;0;0;0
322;322;T267;1;dog2;11;1;0;0;1;1;1;0;1;0;0;0;0;0;0;0;0
323;323;T507;1;dog2;11;1;1;0;0;1;1;1;0;1;1;0;1;0;0;0;1
324;324;T467;1;dog2;11;0;0;1;1;1;1;1;0;1;0;1;0;0;0;0;0
325;325;T468;1;dog2;11;1;0;1;1;1;1;1;0;1;0;1;0;1;1;0;0
326;326;T250;1;dog2;11;1;1;1;1;1;1;0;1;1;0;0;0;0;0;0;0
327;327;T269;1;dog2;11;1;1;1;1;1;1;0;1;0;0;1;0;1;1;0;1
328;328;T8;1;dog2;11;1;1;1;0;0;1;1;1;1;1;0;1;0;0;0;1
329;329;T493;1;dog2;11;1;0;1;1;1;1;1;0;0;1;1;0;0;0;1;0
330;330;T445;1;dog2;11;1;1;1;1;1;0;1;1;1;1;1;0;0;0;1;0
331;331;T337;1;dog2;11;0;1;1;0;1;0;1;0;0;1;1;0;0;1;1;0
332;332;T47;1;dog2;11;1;1;1;1;1;0;1;0;1;0;0;0;1;1;0;1
333;333;T93;1;dog2;11;1;1;0;1;0;0;0;1;0;1;1;0;0;0;0;0
334;334;T40;1;dog2;11;0;1;0;1;1;0;1;0;0;0;1;1;1;1;1;0
335;335;T182;1;dog2;11;1;1;1;1;1;0;0;0;0;1;0;1;1;0;0;0
336;336;T459;0;dog2;11;0;1;1;0;1;0;0;0;0;0;1;0;0;0;0;0
337;337;T504;0;dog2;11;1;1;1;1;1;0;0;1;0;0;1;1;0;0;0;0
338;338;T582;0;dog2;11;1;1;1;1;0;0;1;1;0;1;0;0;0;0;0;0
339;339;T178;0;dog2;11;1;1;1;1;0;0;0;1;1;0;0;0;0;0;0;0
340;340;T272;1;santa;24;1;1;1;1;1;1;0;1;1;1;1;0;0;0;0;0
341;341;T271;1;santa;24;1;1;0;1;1;1;1;1;1;1;0;0;0;0;0;0
342;342;T129;1;santa;24;1;1;1;1;1;1;0;0;0;1;0;0;0;0;0;1
343;343;T465;1;santa;24;1;1;1;1;1;1;1;1;1;1;1;0;0;0;1;1
344;344;T2;1;santa;24;1;1;0;0;1;1;0;0;1;1;0;1;1;1;0;0
345;345;T126;1;santa;24;1;0;1;1;0;1;0;0;1;1;0;0;1;0;0;0
346;346;T240;1;santa;24;0;1;1;1;1;1;1;1;0;1;1;0;0;0;0;1
347;347;T308;1;santa;24;0;0;1;1;0;1;0;0;1;0;1;0;0;0;0;0
348;348;T146;1;santa;24;1;0;1;1;1;1;1;1;1;0;1;0;0;1;0;1
349;349;T232;1;santa;24;0;1;1;0;1;1;0;0;0;0;1;1;0;1;0;0
350;350;T583;1;santa;24;1;1;1;0;1;0;0;1;0;0;1;1;0;0;1;0
351;351;T424;1;santa;24;1;1;1;0;1;0;1;0;1;1;0;1;0;0;1;0
352;352;T430;1;santa;24;1;1;0;1;0;0;0;0;0;0;1;0;1;0;0;0
353;353;T236;1;santa;24;0;1;1;1;1;0;1;1;0;0;1;0;0;0;0;1
354;354;T433;1;santa;24;1;1;1;1;1;0;0;1;0;1;0;1;0;1;0;0
355;355;T591;1;santa;24;1;1;1;1;1;0;1;1;0;0;1;0;1;0;0;0
356;356;T273;0;santa;24;1;0;1;1;1;0;1;0;1;1;0;0;0;0;1;0
357;357;T114;0;santa;24;1;1;0;1;1;0;1;1;0;0;0;0;0;1;0;0
358;358;T486;0;santa;24;1;1;1;1;1;0;1;0;1;0;0;0;0;0;0;0
359;359;T435;0;santa;24;1;1;1;1;0;0;0;0;0;0;0;0;1;0;1;0
360;360;T365;1;rabbit;23;1;0;1;1;1;1;1;1;1;0;0;0;0;1;0;0
361;361;T438;1;rabbit;23;0;1;0;1;1;1;0;0;0;1;1;1;0;0;0;0
362;362;T176;1;rabbit;23;0;1;1;1;0;1;1;1;0;1;1;0;1;0;0;1
363;363;T162;1;rabbit;23;1;1;1;0;1;1;1;1;1;0;0;1;0;1;0;0
364;364;T88;1;rabbit;23;1;1;1;0;1;1;0;0;0;0;1;0;1;0;0;1
365;365;T463;1;rabbit;23;1;1;1;1;1;1;1;1;0;1;0;0;0;1;1;0
366;366;T517;1;rabbit;23;1;1;0;1;1;1;1;1;1;1;1;1;0;0;1;0
367;367;T246;1;rabbit;23;1;1;0;0;1;1;0;0;0;0;0;0;1;1;0;0
368;368;T25;1;rabbit;23;1;1;1;1;1;1;1;1;0;0;0;0;0;0;0;1
369;369;T495;1;rabbit;23;1;1;1;1;1;1;1;1;0;1;0;0;0;0;0;0
370;370;T127;1;rabbit;23;1;1;0;1;1;0;0;1;0;1;0;0;1;0;1;0
371;371;T254;1;rabbit;23;1;1;1;0;0;0;1;1;0;1;1;1;0;0;1;0
372;372;T23;1;rabbit;23;0;1;1;1;1;0;0;0;1;0;0;0;0;0;0;0
373;373;T90;1;rabbit;23;1;0;1;1;0;0;0;0;0;0;0;0;0;0;0;0
374;374;T594;1;rabbit;23;1;1;1;1;1;0;1;0;1;1;1;0;0;0;0;1
375;375;T186;1;rabbit;23;1;1;1;1;0;0;0;0;1;0;1;0;0;0;1;1
376;376;T73;0;rabbit;23;0;0;1;1;1;0;0;1;1;0;1;0;0;1;0;0
377;377;T119;0;rabbit;23;1;0;1;1;1;0;1;0;1;0;0;1;0;0;0;0
378;378;T541;0;rabbit;23;1;1;1;1;1;0;0;0;1;1;1;0;1;0;0;0
379;379;T382;0;rabbit;23;1;1;1;1;1;0;0;0;1;1;1;0;0;0;0;0
380;380;T399;1;dino_ske;8;1;1;0;1;1;1;0;1;0;1;1;0;0;0;0;1
381;381;T274;1;dino_ske;8;1;1;0;1;1;1;0;0;0;1;1;0;0;1;1;0
382;382;T14;1;dino_ske;8;1;1;1;1;0;1;0;1;1;0;0;1;1;0;0;0
383;383;T128;1;dino_ske;8;0;1;1;1;1;1;1;1;1;1;0;0;0;0;0;0
384;384;T440;1;dino_ske;8;1;1;1;0;1;1;1;1;1;1;1;0;1;0;0;0
385;385;T330;1;dino_ske;8;1;1;1;1;0;1;0;0;1;0;0;1;1;0;0;1
386;386;T487;1;dino_ske;8;0;1;0;1;1;1;1;0;0;0;1;1;1;0;0;0
387;387;T444;1;dino_ske;8;1;1;1;0;1;1;0;0;0;0;1;0;0;1;0;1
388;388;T84;1;dino_ske;8;1;1;1;1;1;1;0;0;0;1;0;1;0;1;0;0
389;389;T190;1;dino_ske;8;1;0;1;1;1;1;1;0;1;0;0;0;0;0;1;0
390;390;T222;1;dino_ske;8;0;1;1;1;1;0;0;0;0;0;0;0;0;1;0;1
391;391;T544;1;dino_ske;8;1;1;1;0;1;0;1;1;1;0;1;0;0;0;0;0
392;392;T81;1;dino_ske;8;1;1;1;1;1;0;1;1;0;1;1;0;1;0;1;0
393;393;T590;1;dino_ske;8;1;1;0;1;1;0;0;0;0;0;1;0;0;0;1;0
394;394;T397;1;dino_ske;8;1;0;1;1;0;0;0;1;0;1;1;0;0;0;0;0
395;395;T195;1;dino_ske;8;1;0;1;1;1;0;1;1;0;1;1;0;0;0;1;1
396;396;T598;0;dino_ske;8;1;1;1;0;1;0;1;1;1;1;0;0;0;0;0;0
397;397;T116;0;dino_ske;8;0;1;1;1;1;0;0;0;1;1;0;1;0;0;0;0
398;398;T554;0;dino_ske;8;1;1;1;1;0;0;1;0;1;0;0;0;0;0;0;0
399;399;T434;0;dino_ske;8;1;0;1;1;1;0;1;1;1;0;0;0;0;1;0;0
400;400;T210;1;octopus;21;1;1;1;1;1;1;1;0;1;1;0;1;0;0;0;0
401;401;T67;1;octopus;21;1;1;1;1;1;1;0;1;1;0;0;1;1;0;1;0
402;402;T166;1;octopus;21;1;1;1;0;1;1;0;0;1;0;1;0;0;0;0;0
403;403;T161;1;octopus;21;0;1;1;1;1;1;1;0;0;0;0;0;0;0;0;0
404;404;T258;1;octopus;21;1;1;1;1;0;1;0;0;0;1;0;0;0;0;1;0
405;405;T112;1;octopus;21;1;1;1;1;1;1;1;0;0;0;1;1;1;1;0;0
406;406;T314;1;octopus;21;1;0;1;1;1;1;0;1;1;1;1;1;0;0;0;1
407;407;T28;1;octopus;21;0;1;0;1;1;1;1;1;0;1;0;0;1;0;1;0
408;408;T15;1;octopus;21;1;0;0;0;0;1;0;0;0;0;0;0;0;1;1;0
409;409;T302;1;octopus;21;0;0;1;1;1;1;1;1;0;1;1;0;0;0;0;0
410;410;T321;1;octopus;21;1;1;1;1;1;0;1;1;1;0;0;0;0;1;0;0
411;411;T243;1;octopus;21;1;1;0;1;1;0;1;1;1;0;1;1;0;1;1;0
412;412;T386;1;octopus;21;0;0;1;1;1;0;0;1;0;0;0;0;1;0;0;0
413;413;T153;1;octopus;21;1;1;1;1;1;0;1;1;0;1;1;0;0;0;0;0
414;414;T227;1;octopus;21;1;1;1;0;0;0;1;1;0;1;1;0;0;0;0;1
415;415;T69;1;octopus;21;1;1;1;1;1;0;0;0;1;0;0;0;0;0;0;1
416;416;T562;0;octopus;21;1;1;1;1;1;0;0;0;1;0;1;0;0;0;0;0
417;417;T10;0;octopus;21;1;1;1;1;1;0;0;0;1;1;1;0;0;0;0;0
418;418;T263;0;octopus;21;1;1;1;0;1;0;1;1;0;1;0;0;0;0;0;1
419;419;T380;0;octopus;21;1;1;0;1;0;0;0;0;1;1;1;0;1;1;0;1
420;420;T159;1;bird1;3;1;1;1;0;0;1;1;0;1;1;1;0;0;0;0;0
421;421;T149;1;bird1;3;0;1;1;1;1;1;0;1;0;1;0;0;0;1;0;1
422;422;T60;1;bird1;3;1;1;1;1;1;1;1;0;0;0;1;1;1;0;1;0
423;423;T76;1;bird1;3;0;1;1;0;1;1;0;1;1;1;0;0;0;0;0;0
424;424;T477;1;bird1;3;1;1;1;1;0;1;0;0;1;1;0;1;0;0;1;0
425;425;T270;1;bird1;3;1;1;1;1;1;1;0;1;1;0;0;0;1;0;0;0
426;426;T288;1;bird1;3;0;0;1;1;1;1;1;0;0;0;1;0;0;0;0;0
427;427;T33;1;bird1;3;1;1;0;1;1;1;1;1;1;1;0;0;1;0;0;0
428;428;T527;1;bird1;3;1;1;0;1;1;1;0;1;0;1;0;0;1;0;0;0
429;429;T46;1;bird1;3;1;1;1;1;0;1;1;1;0;1;0;0;0;0;0;1
430;430;T352;1;bird1;3;1;0;0;1;1;0;1;0;1;1;0;0;0;0;1;1
431;431;T79;1;bird1;3;1;1;1;0;1;0;0;1;0;0;1;0;0;1;1;0
432;432;T408;1;bird1;3;1;1;0;1;0;0;0;0;1;0;1;1;0;1;0;0
433;433;T45;1;bird1;3;1;1;1;1;1;0;1;0;1;0;1;0;0;1;0;1
434;434;T385;1;bird1;3;1;0;1;0;1;0;0;1;1;0;0;0;0;1;1;0
435;435;T157;1;bird1;3;1;1;1;1;1;0;0;0;0;0;1;1;0;0;0;0
436;436;T66;0;bird1;3;1;1;1;1;1;0;1;1;0;0;1;1;1;0;0;1
437;437;T589;0;bird1;3;0;0;1;1;1;0;1;1;0;1;1;0;0;0;0;0
438;438;T118;0;bird1;3;1;1;1;1;1;0;1;0;0;0;0;0;0;0;0;0
439;439;T41;0;bird1;3;1;1;1;1;1;0;0;0;1;1;1;0;0;0;0;0
440;440;T198;1;laptop;18;1;1;0;1;1;1;1;1;0;0;1;1;0;0;0;0
441;441;T588;1;laptop;18;1;0;1;0;1;1;1;0;1;1;0;0;0;1;1;0
442;442;T577;1;laptop;18;1;1;1;1;0;1;1;1;1;0;0;0;0;1;0;0
443;443;T204;1;laptop;18;1;1;1;1;1;1;0;0;1;1;0;0;0;0;1;0
444;444;T429;1;laptop;18;1;1;0;1;1;1;1;0;1;0;1;1;1;0;0;0
445;445;T388;1;laptop;18;0;0;1;1;1;1;0;1;0;1;0;0;1;0;1;1
446;446;T564;1;laptop;18;1;1;1;0;1;1;0;0;0;0;0;0;0;1;0;0
447;447;T229;1;laptop;18;1;1;1;1;1;1;1;0;1;0;1;0;0;0;0;0
448;448;T460;1;laptop;18;0;1;1;1;1;1;1;0;1;0;0;1;0;1;0;0
449;449;T266;1;laptop;18;0;1;1;1;1;1;0;0;0;1;0;0;0;0;0;0
450;450;T17;1;laptop;18;1;1;1;0;1;0;0;0;1;1;0;1;0;0;0;0
451;451;T455;1;laptop;18;1;1;1;1;1;0;1;1;1;0;1;0;0;0;0;0
452;452;T247;1;laptop;18;0;0;0;1;1;0;0;1;0;1;1;0;0;0;0;1
453;453;T293;1;laptop;18;1;0;1;1;1;0;0;1;0;0;1;0;1;0;1;0
454;454;T292;1;laptop;18;1;1;1;1;0;0;0;1;0;0;1;0;0;0;1;1
455;455;T143;1;laptop;18;1;1;1;1;1;0;0;1;0;0;1;0;1;0;0;0
456;456;T313;0;laptop;18;1;1;1;1;0;0;1;0;0;1;0;0;1;0;0;1
457;457;T537;0;laptop;18;1;1;0;0;0;0;0;0;1;1;1;1;0;0;0;1
458;458;T134;0;laptop;18;1;1;1;1;1;0;1;1;0;1;0;0;0;0;0;0
459;459;T568;0;laptop;18;1;1;1;1;1;0;1;1;1;1;1;0;0;1;0;0
460;460;T359;1;horse;16;1;0;1;1;1;1;0;0;0;1;1;0;1;0;0;0
461;461;T402;1;horse;16;1;1;0;1;1;1;1;1;0;1;1;1;1;0;1;0
462;462;T364;1;horse;16;1;1;1;1;0;1;0;1;0;1;0;1;1;1;0;0
463;463;T348;1;horse;16;1;1;1;1;1;1;1;0;1;0;0;0;0;1;1;0
464;464;T265;1;horse;16;1;1;1;0;0;1;1;1;1;1;1;0;0;0;0;0
465;465;T304;1;horse;16;1;0;1;1;1;1;1;0;0;1;1;1;0;0;0;1
466;466;T301;1;horse;16;1;1;1;0;1;1;1;0;1;0;1;0;0;0;1;1
467;467;T303;1;horse;16;0;1;1;1;1;1;1;0;0;0;1;0;1;0;1;0
468;468;T325;1;horse;16;1;1;0;1;1;1;0;0;0;1;0;0;0;0;0;0
469;469;T485;1;horse;16;1;1;1;1;1;1;1;1;1;1;1;1;0;0;0;0
470;470;T295;1;horse;16;1;1;1;1;1;0;0;0;0;0;0;0;0;1;0;1
471;471;T184;1;horse;16;0;1;1;1;1;0;0;1;0;1;0;0;0;1;0;0
472;472;T550;1;horse;16;0;1;1;1;1;0;0;1;1;0;1;0;0;0;0;0
473;473;T579;1;horse;16;1;1;1;1;1;0;1;0;1;0;0;1;0;0;1;1
474;474;T234;1;horse;16;1;1;0;1;0;0;1;0;1;0;0;0;1;0;0;1
475;475;T142;1;horse;16;1;1;1;0;1;0;0;1;1;1;0;0;0;1;0;0
476;476;T529;0;horse;16;0;0;1;0;1;0;0;1;0;0;1;0;0;0;0;0
477;477;T117;0;horse;16;1;1;0;1;1;0;1;1;1;1;1;0;0;0;0;0
478;478;T454;0;horse;16;1;1;1;1;1;0;0;1;0;0;0;0;0;0;0;0
479;479;T343;0;horse;16;1;0;1;1;0;0;0;0;1;0;0;0;0;0;0;0
480;480;T72;1;flamingo;12;1;1;1;1;1;1;0;0;1;0;0;1;0;0;0;0
481;481;T563;1;flamingo;12;1;1;1;1;1;1;1;1;0;0;1;0;0;1;0;1
482;482;T416;1;flamingo;12;1;1;1;1;1;1;1;0;0;1;0;0;1;0;1;1
483;483;T158;1;flamingo;12;1;1;0;1;1;1;0;0;0;0;0;1;0;0;1;0
484;484;T212;1;flamingo;12;0;1;0;1;0;1;1;1;1;1;1;0;0;0;0;0
485;485;T58;1;flamingo;12;1;1;0;1;1;1;0;1;0;0;1;0;0;0;0;0
486;486;T310;1;flamingo;12;1;1;0;1;1;1;1;0;0;1;1;0;1;1;0;1
487;487;T248;1;flamingo;12;0;1;1;0;0;1;0;0;1;0;0;0;0;0;0;0
488;488;T3;1;flamingo;12;1;1;1;0;1;1;0;0;0;0;1;1;0;0;0;0
489;489;T458;1;flamingo;12;1;0;1;0;0;1;1;1;1;1;0;1;0;0;1;1
490;490;T335;1;flamingo;12;1;1;1;1;1;0;0;1;1;1;1;0;0;1;1;0
491;491;T450;1;flamingo;12;1;1;1;0;1;0;1;1;0;1;0;0;1;0;0;0
492;492;T256;1;flamingo;12;1;1;1;1;1;0;1;1;1;1;1;0;1;0;0;0
493;493;T191;1;flamingo;12;1;1;1;1;1;0;0;1;0;0;0;1;0;0;0;0
494;494;T68;1;flamingo;12;1;1;1;1;1;0;0;0;1;1;1;0;0;0;0;0
495;495;T169;1;flamingo;12;1;0;1;1;1;0;1;0;1;1;0;0;0;0;0;0
496;496;T389;0;flamingo;12;1;0;1;1;0;0;1;1;1;0;0;0;0;0;0;1
497;497;T131;0;flamingo;12;0;1;1;1;1;0;1;0;0;1;1;0;0;1;0;0
498;498;T587;0;flamingo;12;1;1;1;1;1;0;0;1;1;0;0;0;1;1;1;0
499;499;T578;0;flamingo;12;0;0;1;1;1;0;0;0;0;0;1;0;0;0;0;0
500;500;T403;1;armadillo;2;0;1;1;0;1;1;1;1;1;1;0;0;1;1;0;0
501;501;T370;1;armadillo;2;1;1;1;1;0;1;1;1;1;1;1;1;0;1;0;0
502;502;T558;1;armadillo;2;1;1;1;1;1;1;1;1;0;0;1;1;0;0;1;0
503;503;T61;1;armadillo;2;1;0;1;1;1;1;1;0;0;0;1;0;0;1;0;0
504;504;T201;1;armadillo;2;0;1;1;1;1;1;0;1;1;0;1;0;0;0;0;0
505;505;T489;1;armadillo;2;1;1;1;0;1;1;0;1;0;1;0;0;0;1;0;0
506;506;T260;1;armadillo;2;1;1;1;1;0;1;0;0;0;0;1;1;0;0;1;0
507;507;T539;1;armadillo;2;0;0;0;1;1;1;1;0;1;1;1;1;0;0;0;1
508;508;T522;1;armadillo;2;1;1;1;1;1;1;0;0;0;1;0;0;1;0;1;0
509;509;T279;1;armadillo;2;1;1;1;1;1;1;0;0;0;1;1;0;0;0;1;1
510;510;T457;1;armadillo;2;1;1;1;0;1;0;0;0;1;0;1;0;0;0;0;1
511;511;T344;1;armadillo;2;1;1;0;1;1;0;0;0;1;0;0;0;0;0;0;0
512;512;T226;1;armadillo;2;1;1;1;1;1;0;0;1;1;0;0;0;1;0;1;0
513;513;T597;1;armadillo;2;1;1;1;1;0;0;1;0;0;1;1;0;0;0;0;0
514;514;T54;1;armadillo;2;1;1;1;1;1;0;0;1;1;1;0;0;0;0;0;0
515;515;T341;1;armadillo;2;1;1;1;1;1;0;1;0;1;0;0;0;1;0;0;1
516;516;T574;0;armadillo;2;1;1;0;1;0;0;0;0;0;1;1;0;1;0;0;1
517;517;T138;0;armadillo;2;0;1;0;0;1;0;1;1;0;0;0;1;0;0;0;0
518;518;T473;0;armadillo;2;1;0;1;1;1;0;1;1;1;1;0;0;0;1;0;0
519;519;T55;0;armadillo;2;1;0;1;1;1;0;1;1;0;0;0;0;0;0;0;0
520;520;T213;1;pliers;22;1;1;0;1;1;1;0;1;1;1;0;0;0;0;1;1
521;521;T401;1;pliers;22;1;1;1;1;1;1;0;1;1;0;0;1;0;0;0;0
522;522;T374;1;pliers;22;0;1;1;1;1;1;1;1;0;0;0;0;1;0;0;0
523;523;T62;1;pliers;22;1;1;0;1;1;1;1;1;1;1;0;0;0;1;0;1
524;524;T11;1;pliers;22;1;1;0;1;0;1;1;1;1;0;0;0;0;1;0;0
525;525;T339;1;pliers;22;1;1;1;0;0;1;0;0;0;1;1;1;0;0;0;0
526;526;T275;1;pliers;22;0;1;1;1;1;1;1;0;1;1;1;0;0;0;0;1
527;527;T32;1;pliers;22;1;0;1;0;1;1;1;1;0;1;0;1;0;0;0;0
528;528;T447;1;pliers;22;1;1;1;1;1;1;0;0;0;1;1;0;1;1;0;1
529;529;T525;1;pliers;22;1;1;1;1;1;1;1;1;0;0;1;0;1;0;0;0
530;530;T109;1;pliers;22;1;1;0;1;0;0;0;1;1;0;1;0;0;0;0;0
531;531;T218;1;pliers;22;1;1;1;1;1;0;1;1;1;1;0;0;1;0;0;0
532;532;T230;1;pliers;22;0;1;1;1;1;0;0;0;0;0;1;0;1;0;0;0
533;533;T419;1;pliers;22;1;1;1;1;1;0;1;0;0;1;1;1;0;0;1;0
534;534;T155;1;pliers;22;1;0;1;1;1;0;1;0;1;0;1;1;0;0;0;1
535;535;T553;1;pliers;22;1;0;1;0;1;0;0;0;1;0;0;0;0;0;0;0
536;536;T366;0;pliers;22;1;0;1;0;1;0;0;0;0;0;0;0;0;1;1;0
537;537;T107;0;pliers;22;1;1;1;1;1;0;0;0;0;1;0;0;0;0;1;0
538;538;T505;0;pliers;22;0;1;1;1;1;0;1;0;1;0;1;0;0;0;1;0
539;539;T531;0;pliers;22;1;1;1;1;0;0;0;1;0;1;1;0;0;1;0;0
540;540;T238;1;woman;29;1;1;1;1;1;1;1;0;0;0;1;0;1;0;0;0
541;541;T410;1;woman;29;1;1;1;1;1;1;0;1;0;0;1;0;0;0;1;0
542;542;T89;1;woman;29;1;0;1;1;1;1;0;0;1;1;1;0;1;0;1;0
543;543;T503;1;woman;29;1;1;1;1;1;1;0;0;1;1;1;0;0;1;0;1
544;544;T521;1;woman;29;1;1;0;1;1;1;0;1;1;1;1;1;0;0;0;0
545;545;T534;1;woman;29;0;1;1;1;0;1;0;1;0;0;1;1;0;1;1;0
546;546;T332;1;woman;29;1;0;1;1;1;1;0;0;1;0;0;0;1;1;0;0
547;547;T22;1;woman;29;1;1;1;1;1;1;1;1;1;0;1;0;0;1;0;0
548;548;T36;1;woman;29;1;1;0;0;0;1;0;0;0;0;1;0;0;0;0;0
549;549;T294;1;woman;29;1;0;1;0;1;1;1;1;1;1;0;0;0;0;0;0
550;550;T580;1;woman;29;1;1;1;1;1;0;1;1;1;1;1;0;1;0;1;1
551;551;T345;1;woman;29;1;1;1;1;1;0;0;1;0;0;0;0;0;0;0;0
552;552;T381;1;woman;29;1;1;1;1;0;0;1;1;1;1;0;0;0;0;0;0
553;553;T395;1;woman;29;0;1;1;1;1;0;1;0;0;1;1;0;1;0;1;0
554;554;T592;1;woman;29;1;1;1;0;1;0;1;0;0;0;0;0;0;0;0;0
555;555;T585;1;woman;29;1;1;1;1;1;0;1;1;0;1;0;0;0;1;0;1
556;556;T461;0;woman;29;1;1;1;0;1;0;1;0;0;1;0;1;0;0;0;1
557;557;T581;0;woman;29;0;1;0;1;1;0;1;0;0;0;0;1;0;0;0;0
558;558;T147;0;woman;29;1;0;1;1;0;0;0;0;1;0;0;1;0;0;0;1
559;559;T586;0;woman;29;0;1;0;1;1;0;0;1;1;1;0;0;0;0;0;0
560;560;T188;1;shark;25;1;1;0;1;1;1;1;0;1;1;0;0;0;0;0;0
561;561;T111;1;shark;25;1;0;0;1;1;1;1;0;1;1;0;0;1;0;0;0
562;562;T516;1;shark;25;0;1;1;0;1;1;0;0;1;1;0;1;0;0;0;1
563;563;T289;1;shark;25;1;1;1;1;1;1;1;0;0;0;1;0;0;0;1;0
564;564;T316;1;shark;25;1;0;1;1;1;1;1;1;1;0;1;0;0;0;0;0
565;565;T496;1;shark;25;1;1;1;1;1;1;1;0;0;1;1;0;1;0;0;0
566;566;T291;1;shark;25;1;1;1;1;1;1;0;0;0;1;1;0;0;1;0;1
567;567;T456;1;shark;25;1;1;1;1;1;1;1;1;1;0;1;0;0;0;0;0
568;568;T443;1;shark;25;0;1;0;0;1;1;0;1;0;0;0;0;0;0;0;0
569;569;T241;1;shark;25;1;1;1;1;1;1;0;0;1;0;0;1;0;0;0;1
570;570;T268;1;shark;25;1;1;0;1;0;0;0;1;0;0;0;0;0;1;1;0
571;571;T323;1;shark;25;1;0;1;1;0;0;0;1;1;0;1;0;1;0;0;0
572;572;T53;1;shark;25;1;1;1;1;1;0;1;0;0;0;0;0;0;0;1;0
573;573;T423;1;shark;25;0;0;1;0;1;0;0;0;1;0;1;0;0;0;0;0
574;574;T351;1;shark;25;1;1;1;1;1;0;0;1;0;0;1;0;0;1;1;0
575;575;T394;1;shark;25;1;1;1;1;1;0;1;1;0;1;1;1;1;0;0;1
576;576;T104;0;shark;25;1;1;1;1;0;0;1;0;1;1;0;1;0;0;0;0
577;577;T498;0;shark;25;1;1;1;1;1;0;1;1;0;1;0;0;0;1;0;0
578;578;T492;0;shark;25;1;1;1;1;0;0;0;1;0;1;0;0;0;1;1;0
579;579;T353;0;shark;25;0;1;1;0;1;0;0;1;1;1;1;1;1;0;0;1
580;580;T428;1;snake;26;1;1;0;1;1;1;0;1;1;0;0;0;0;0;0;0
581;581;T560;1;snake;26;1;1;1;0;1;1;1;1;1;1;0;1;0;1;1;0
582;582;T206;1;snake;26;1;1;1;1;0;1;0;1;1;0;0;0;0;1;0;1
583;583;T575;1;snake;26;0;1;1;0;1;1;0;1;1;0;1;1;0;0;0;0
584;584;T75;1;snake;26;1;1;1;1;1;1;1;0;1;0;1;0;1;0;0;0
585;585;T163;1;snake;26;1;0;1;0;1;1;0;0;1;1;1;0;0;0;0;1
586;586;T515;1;snake;26;0;0;1;1;0;1;0;1;1;1;1;0;0;0;0;0
587;587;T329;1;snake;26;1;1;0;1;1;1;0;0;0;0;1;0;1;0;1;0
588;588;T510;1;snake;26;1;1;1;1;0;1;1;0;0;0;0;1;0;1;0;0
589;589;T333;1;snake;26;0;1;1;0;1;1;1;1;0;0;0;0;0;0;0;0
590;590;T245;1;snake;26;1;0;1;1;1;0;1;1;1;1;1;0;1;1;0;0
591;591;T251;1;snake;26;1;1;1;1;1;0;0;0;0;1;1;0;0;0;1;0
592;592;T120;1;snake;26;1;1;1;1;1;0;1;0;0;1;1;0;0;0;0;0
593;593;T235;1;snake;26;1;1;1;1;1;0;0;0;0;0;0;0;1;0;0;0
594;594;T383;1;snake;26;1;1;1;1;1;0;1;0;0;0;1;0;1;0;1;0
595;595;T181;1;snake;26;1;1;1;1;1;0;0;1;0;1;1;1;0;0;0;1
596;596;T561;0;snake;26;1;0;0;1;0;0;0;1;0;1;0;0;0;1;0;0
597;597;T0;0;snake;26;1;1;0;1;1;0;1;0;1;1;0;0;0;0;0;1
598;598;T350;0;snake;26;1;1;1;1;1;0;1;0;0;0;0;0;0;0;1;1
599;599;T556;0;snake;26;0;1;1;1;1;0;1;1;1;1;0;1;0;0;0;0